implementation,threads,run,seconds,quality_metric,quality,hardware
previous_serial_insertion,4,1,7.247569,hnsw_recall_vs_metal_exact,1.000000,Apple_M3
parallel_build_query,1,1,6.708521,reference,1.000000,Apple_M3
parallel_build_query,4,1,1.784293,overlap_vs_1_thread,0.999658,Apple_M3
parallel_build_query,1,2,6.746130,reference,1.000000,Apple_M3
parallel_build_query,4,2,1.791172,overlap_vs_1_thread,0.996333,Apple_M3
parallel_build_query,1,3,6.722126,reference,1.000000,Apple_M3
parallel_build_query,4,3,1.806405,overlap_vs_1_thread,0.999750,Apple_M3
parallel_build_query_stress,4,100_repeated_builds,29.032300,min_recall_vs_bruteforce,0.999750,Apple_M3
parallel_build_query_stress,4,100_repeated_builds,29.032300,mean_recall_vs_bruteforce,0.999870,Apple_M3
